block_name,block,n_cycle,t_inspi,t_expi,Pes_ee,dPes,dPga,dPga_corr,dPdi,WOB,PTPes,PTPga,PTPga_corr,PTPdi,PTPdi_PTPes,TTIdi,dPga_exp,PTPga_exp,TTIabd,pes_artifact
Block 1,1,1,5.54,8.168,3.0021605,55.052890500000004,7.354615,6.975767,62.144426,1.1841726583809389,90.50511393661998,8.214841461999997,7.219228917999998,98.71995662999996,1.0907666134659835,0.2176500238771352,0.6278100000000002,0.3390919440000001,0.0006592502216346531,False
Block 1,1,2,10.216,13.556,4.7961480000000005,61.587488,3.073924999999999,2.9141519999999996,64.5169365,1.6886790926277429,148.6847346935,4.380175294000002,3.8465334740000037,153.169413952,1.0301623382369736,0.31887441906633585,3.763593,4.652603257999997,0.008541274889851663,False
Block 1,1,3,15.168,18.508,2.4451855,58.5549455,4.282496999999999,4.393903999999999,62.1046905,1.16690557586613,139.49277639659994,4.007336625999996,4.378810223999996,143.00926001399995,1.0252090732454997,0.2870565163912708,2.4568840000000005,2.9378245479999974,0.005200057611158308,False
Block 1,1,4,20.304,23.996,1.7198335,58.4718135,3.9409855,5.217853,62.176942000000004,1.4046154500359185,160.84623442971997,1.7002543580000031,6.289485898000001,162.5440626,1.0105555978745766,0.30985798549685833,1.9434010000000006,2.1757619839999993,0.003657480473372779,False
Block 1,1,5,25.712,29.428,1.5699985,59.462048499999995,4.468579499999999,6.845274999999999,62.699975,1.7025199944029095,158.33684499441802,-4.242851948000004,4.397443202,153.616698672,0.9701892107134987,0.2902634358315446,3.851012,5.367789069999999,0.008943930068648359,False
Block 1,1,6,31.168,34.68,1.9091095,66.2263595,2.2366694999999996,6.1480559999999995,67.904779,3.005452765035308,168.62253729428,-5.719134908000001,7.104209941999998,162.903402052,0.9660832096702532,0.3038018299565847,4.794117,7.022632645999993,0.011548863054203386,False
Block 1,1,7,36.696,40.244,2.9729875,65.8625575,2.1304645000000004,6.897971000000001,67.650323,3.051612126076181,175.432482079686,-7.291547738000005,8.879855109999998,167.660857986,0.9557001987228573,0.30516639362004183,3.6077449999999995,5.029435147999999,0.008072411318695426,False
Block 1,1,8,42.36,45.936,5.075621,64.43167100000001,2.9546139999999976,6.346036999999999,66.86927150000001,2.7967612493853022,174.8257123272,-4.186422710000007,7.271329636,169.77989288999999,0.9711380015557645,0.33973372944947805,3.115538,3.707454430000001,0.006541950928147939,False
Block 1,1,9,47.512,51.884,1.3852825,54.8628025,4.035518999999999,6.1338669999999995,58.88979199999999,1.3685338830460327,175.36068800984003,-0.353243984000001,8.200036856000002,175.00744629,0.997985627657778,0.2733637086691658,2.7616500000000004,4.306683082000003,0.005932070360881545,False
Block 1,1,10,54.112,57.416,2.859067,61.844517,3.750718000000001,5.228076000000001,64.6704975,2.448138371561348,151.65912328259992,0.0451176940000062,4.522555996,151.71196371199994,1.0003484157646194,0.26563194004930524,6.0665510000000005,8.529729092000002,0.013169665717638347,False
Block 1,1,11,60.0,63.532,60.16229,112.46246,6.9094365,8.224543,119.18657999999999,4.3685157131944985,230.91293723919964,2.846352869999978,7.290600799999973,233.7592848427596,1.012326496893552,0.4236795946662163,5.292427,7.699496114000008,0.012305805066487669,True
Block 1,1,12,65.688,69.656,3.8701575,61.8177075,0.4117815,5.2144590000000015,62.229487999999996,2.671179940160265,169.84434057360033,-12.973209605999998,5.416760214000031,156.87113043200037,0.9236170596100719,0.2966302547291837,2.997962,2.0644114680000016,0.003442292183018746,False
Block 1,1,13,71.14,72.368,-0.8002836,72.4378164,4.893087999999999,4.540998999999999,76.6090115,2.8519886396714265,66.71129882519986,3.9619240959999966,3.5295588039999988,70.67322266199986,1.0593890975977132,0.24548178044154753,5.664019,5.911499920000014,0.01810677505513357,False
Block 1,1,14,74.108,75.74,4.0268619999999995,45.412182,-1.422000500000001,0.10581800000000019,40.8581275,0.1619047124308761,55.58664422939982,-6.4875074039999765,-0.3995424880000004,48.67930937599985,0.875737509447518,0.09555379860396804,3.712953999999999,6.073268885999998,0.01051247816589352,False
Block 1,1,15,79.36,82.46,6.759415,66.506395,4.783669,7.278101,70.44676820000001,2.8148226484689727,151.14199808615987,-0.8060597579999942,6.411029651999993,150.20395333599987,0.9937936194966454,0.31295359019576724,3.6360329999999994,4.291677836000015,0.007885055184831352,False
Block 1,1,16,84.308,87.868,2.8022324999999997,61.8960725,5.147518,9.960073,64.3742435,2.6655482387342158,166.3807306072997,-7.440704622000018,8.93659015399995,158.27979856799968,0.951310875906536,0.2828971048372107,4.9863599999999995,6.876622917999982,0.010838202808599165,False
Block 1,1,17,90.076,93.368,1.260775,66.740755,1.8470709999999997,5.078882999999999,68.452179,3.025145551061989,149.22639746105995,-3.6302754319999817,6.3590764220000064,145.59612186999996,0.9756726983105835,0.27796128650248153,6.4226849999999995,9.365803357999997,0.015767345720538697,False
Block 1,1,18,95.476,98.428,2.3861575,71.08828749999999,0.7347289999999997,5.760412999999999,71.53791550000001,3.8484806505816946,139.76869369519397,-8.340717573999985,5.730298324000002,131.427973082,0.9403248295975111,0.2419513495618559,5.883792,10.448170523999975,0.016961315785714266,False
Block 1,1,19,101.076,104.044,2.096571,65.845921,3.820082000000001,7.405153,68.885273,3.5600344248507327,134.11923818716,-3.482799909999991,6.355411910000002,130.636439852,0.9740320748743008,0.22857559761619767,7.254374,13.03815916000002,0.020116890637536255,False
Block 1,1,20,106.968,109.772,4.499798,68.636638,-0.05139500000000119,5.764189,67.669173,4.021489475256871,140.1154849394601,-8.524144108000026,7.012591154000005,131.5532342520001,0.9388914744779315,0.2686646017857436,4.386305,4.942790526000019,0.00890143806007783,False
Block 1,1,21,112.016,115.048,3.0671985,46.019128499999994,4.8443805000000015,5.395863,50.840908500000005,1.0084488767880284,75.60072036676006,3.363111872000012,4.968455266000009,78.96383132400008,1.044485170788382,0.14454192413747696,2.9382390000000003,4.51325584199999,0.007285084972236566,False
Block 1,1,22,117.648,120.736,8.5182145,67.4646545,3.913314999999999,5.517290999999999,71.4303886,2.896204265496666,162.1559413042801,1.914151019999986,6.332038753999994,164.2803206828001,1.0131008420748129,0.3129363550315829,4.255602,6.857437038000005,0.01151890922193106,False
Block 1,1,23,123.06,128.02800000000002,6.9178075,60.627387500000005,2.438644,4.029154,62.77991,2.295958595989471,257.05711404718113,0.1974811560000429,7.455608458000075,257.25459281800124,1.000768229160092,0.3812692933164599,7.693822000000001,10.194046597999938,0.013322764647916716,False
Block 1,1,24,130.016,133.78,4.1163375,55.8799375,-1.0757024999999993,3.372724,53.709811,1.4542614307701818,175.13765156328003,-11.144341278000015,5.422179241999996,163.174900452,0.9316951494752818,0.2963734088402598,6.897176,10.00857862200003,0.01603014065923506,False
Block 1,1,25,135.692,137.5,7.965058,74.009218,3.242076,6.071223999999999,76.512113,4.593977926281845,99.77396259179993,-0.5329512339999971,4.067969861999999,99.08955384799992,0.993140407316485,0.1847941013472184,7.988389,8.804497015999997,0.014479175463754788,False
Block 1,1,26,141.22,142.5,38.488425,56.211475,6.7157745,6.543677,63.035869999999996,0.4098134373724369,27.421127703999996,4.863292794,4.6430079939999995,32.45138497571999,1.1834445806175293,0.08248283051637867,5.1440660000000005,10.33322748000004,0.02316036282947824,True
Block 1,1,27,145.276,147.796,6.958206,66.849576,2.2040999999999986,6.195163999999999,68.830926,3.1407685284082745,123.71177946379973,-3.5125975819999757,5.818922419999986,120.19918098999975,0.9716065964856012,0.2573020793874364,4.611220000000001,7.456777618000036,0.01407576566369683,False
Block 1,1,28,150.092,152.68,2.514952,67.79739199999999,1.8769910000000003,5.765123,69.23906600000001,3.62270212606336,119.69252510896011,-4.719741634000017,4.586546666000003,114.36115091400009,0.9554577515170083,0.2536533858127655,6.139442000000001,8.981442462000047,0.017566582815678404,False
Block 1,1,29,154.74,157.272,3.891687,67.037007,1.6164869999999993,6.254062,68.178292,3.65634598673068,124.7455404675998,-4.743313593999957,5.8858578099999965,119.81753846999985,0.9604955657803262,0.28175920514617403,4.183212,5.307608125999988,0.011006154873092247,False
Block 1,1,30,159.124,161.752,3.1497159999999997,64.640906,2.8928575,5.731547,67.533534,3.45026903126994,121.74731022024011,-1.7121997720000364,4.939700353999997,120.03511193600008,0.985936459038457,0.24928996389675792,5.539871,7.80308062799998,0.01429030955241371,False
Block 1,1,31,164.088,166.748,3.0758745000000003,66.9747645,2.3470425000000006,6.487083,68.2380415,3.695639802559185,125.40458905187985,-4.034452053999969,6.4183362819999985,120.48346413799989,0.9607580157067132,0.24354854282999802,6.004235,8.714652581999948,0.015534140074866237,False
Block 1,1,32,169.188,171.528,3.2996935,64.8195535,2.194561499999999,6.940030999999999,65.80927150000001,3.188851057175868,115.57679703745953,-5.071069108000032,5.121928325999942,110.14227074799949,0.9529790889801293,0.22039738495709635,5.369368,7.492131856000013,0.013220164906832282,False
Block 1,1,33,174.34,176.828,3.804975,66.764345,2.4914780000000007,5.870785000000001,69.251853,3.773985834833635,128.8263220662401,-2.3915620980000054,5.1821285559999986,126.43476066600009,0.9814357705639511,0.25260681024934106,8.608311,14.240552205999997,0.02508906308315716,False
Block 1,1,34,179.5,182.524,3.1966855,64.3024355,2.3769799999999996,6.185927999999999,66.6547845,3.113699219591199,150.73008872684,-3.8425268480000097,6.724081131999989,146.88755882799995,0.9745072139789975,0.29507106979453723,8.569334000000001,11.456901140000038,0.020294942854106192,False
Block 1,1,35,184.632,187.008,5.241025,69.538845,4.69988,10.177914999999999,73.592562,4.08516140991371,127.95912386406063,-3.215793467999947,8.3270721900001,124.7433229320007,0.9748685296135953,0.23921384644237964,5.715904999999999,9.394559346000054,0.01588636253043839,False
Block 1,1,36,190.008,192.564,6.821741,70.030721,5.451420000000001,8.414844,74.351057,3.5904530412854774,144.2035749615015,0.9496671839999622,7.776897395999946,145.15323189199944,1.0065855297328896,0.2697233365269539,4.5372770000000004,6.653105088000007,0.010901725581700212,False
Block 1,1,37,195.556,197.564,5.251278,46.932738,6.236955000000001,6.309631,52.719704,1.2435946281477626,47.19919737919977,6.796424536000019,6.942345896000017,53.95534340799979,1.143141121119517,0.12734447199879123,13.368041,17.60539454200009,0.03664126403180176,False
Block 1,1,38,199.924,202.144,3.367698,70.204238,1.1379199999999976,1.4244899999999987,68.57912,3.9474821047745996,119.54042154212009,-4.559961168000063,-0.7654081280000441,114.98046496000003,0.9618542705195886,0.27237261446331096,4.400452,5.053783852000046,0.010556868006350353,False
Block 1,1,39,204.276,206.748,2.566069,63.419669,2.296940000000001,3.5941790000000005,65.161187,2.884608737689705,124.99689386952974,0.38593817600003577,2.6836229700000285,125.3661909039998,1.00295444969101,0.26247663642835084,4.681724,7.37382475599996,0.013613885156192293,False
Block 1,1,40,209.2,212.032,4.5117355,62.1634855,3.9832155,4.566695,66.188403,1.8623740973440883,139.8125591958002,3.1522749239999444,4.414356349999952,143.10264545800013,1.0235321224439669,0.2645776550792046,5.223822999999999,10.48025253800003,0.017086625371722952,False
Block 1,1,41,214.776,216.7,0.3385465,28.823476499999998,11.571607000000002,11.528681000000002,39.751211000000005,0.25895100340114074,10.105777357559914,7.313320083999991,7.230730459999991,17.4159561919199,1.7233663057984747,0.04110483977172293,3.44224,4.925617570000012,0.010251451819014356,False
Block 1,1,42,219.144,222.112,5.746961,64.611591,3.386075999999999,6.32168,67.664937,2.9613521733319352,137.04667963601992,-0.8312332019999729,7.270676014000012,136.21544626199994,0.9939346697327682,0.2729943528683198,5.714656,8.668884954000035,0.015320382005513972,False
Block 1,1,43,224.288,227.028,6.533668,65.357708,6.980722,8.294914,72.3026799,2.899160705400398,142.37628681059965,7.027205468000004,10.393850191999986,149.40349216599964,1.0493565713281183,0.3085421048233874,4.414752,6.162983430000002,0.011223381829108417,False
Block 1,1,44,229.28,232.428,3.1636775,68.0737175,2.9965670000000006,6.663857999999999,70.2151775,3.3844812320002333,154.5942379939998,-0.8542431560000057,9.84726115999998,153.71900742399978,0.9943385304565233,0.2660732094189002,6.344244000000001,10.786349287999943,0.016463687172599006,False
