block_name,block,n_cycle,t_inspi,t_expi,Ti,Ttot,Te,BF,VT,VT_Ti,VE,PIF,PEF,IE,Ti_Ttot,PTP,dPmo,Pmo_mean,dPes,dPga,dPga_corr,dPdi,WOB,PTPes,PTPga,PTPga_corr,PTPdi,PTPdi_PTPes,TTIdi
Block 1,1,1,5.54,8.168,2.6279999999999992,4.675999999999999,2.048,12.831479897348164,0.2863269432891999,0.10895241373257229,3.673998416884516,0.8417907,0.3912473,1.2832031249999996,0.5620188195038494,4.434148940000002,5.176855000000003,-42.85521227963526,55.052890500000004,7.354615,6.975767,62.144426,1.1841726583809389,90.50511393661998,8.214841461999997,7.219228917999998,98.71995662999996,1.0907666134659835,0.2176500238771352
Block 1,1,2,10.216,13.556,3.34,4.952,1.612,12.116316639741518,0.30303246622863955,0.0907282833019879,3.671637312947975,0.7074947,0.3896634,2.0719602977667493,0.6744749596122779,4.765027920000002,4.342100000000002,-42.7143490430622,61.587488,3.073924999999999,2.9141519999999996,64.5169365,1.6886790926277429,148.6847346935,4.380175294000002,3.8465334740000037,153.169413952,1.0301623382369736,0.31887441906633585
Block 1,1,3,15.168,18.508,3.34,5.135999999999999,1.7959999999999994,11.682242990654208,0.21729126359231843,0.06505726454859834,2.538449341031758,0.6922019,0.3559826,1.8596881959910918,0.6503115264797509,0.52085952000002,2.2387700000000024,-43.08087101674642,58.5549455,4.282496999999999,4.393903999999999,62.1046905,1.16690557586613,139.49277639659994,4.007336625999996,4.378810223999996,143.00926001399995,1.0252090732454997,0.2870565163912708
Block 1,1,4,20.304,23.996,3.692,5.408000000000001,1.716000000000001,11.094674556213015,0.26049104420180624,0.07055553743277525,2.8900633602271393,0.7153162,0.4115951,2.15151515151515,0.6826923076923076,5.456559059999991,4.508879999999998,-42.751150595238094,58.4718135,3.9409855,5.217853,62.176942000000004,1.4046154500359185,160.84623442971997,1.7002543580000031,6.289485898000001,162.5440626,1.0105555978745766,0.30985798549685833
Block 1,1,5,25.712,29.428,3.716000000000001,5.4559999999999995,1.7399999999999984,10.997067448680353,0.314630477987279,0.08466912755308904,3.4600125878366463,0.716115,0.4688211,2.1356321839080485,0.6810850439882701,-7.452006720000007,1.4602700000000013,-42.439361978494624,59.462048499999995,4.468579499999999,6.845274999999999,62.699975,1.7025199944029095,158.33684499441802,-4.242851948000004,4.397443202,153.616698672,0.9701892107134987,0.2902634358315446
Block 1,1,6,31.168,34.68,3.5120000000000005,5.527999999999999,2.0159999999999982,10.853835021707672,0.5177160140709129,0.14741344364205947,5.619204204821777,0.9052602,0.5788144,1.7420634920634939,0.6353111432706225,0.8144843400000181,3.655150000000006,-43.494318964732656,66.2263595,2.2366694999999996,6.1480559999999995,67.904779,3.005452765035308,168.62253729428,-5.719134908000001,7.104209941999998,162.903402052,0.9660832096702532,0.3038018299565847
Block 1,1,7,36.696,40.244,3.548000000000002,5.6640000000000015,2.1159999999999997,10.593220338983048,0.5223063443122438,0.14721148374076762,5.532906189748344,0.8216023,0.5709614,1.676748582230625,0.6264124293785313,2.916059880000005,5.659410000000001,-42.75986771396396,65.8625575,2.1304645000000004,6.897971000000001,67.650323,3.051612126076181,175.432482079686,-7.291547738000005,8.879855109999998,167.660857986,0.9557001987228573,0.30516639362004183
Block 1,1,8,42.36,45.936,3.5760000000000005,5.152000000000001,1.5760000000000005,11.645962732919253,0.483945476554595,0.13533150910363392,5.636010984719662,0.9467546,0.4881792,2.2690355329949234,0.6940993788819876,-6.391763780000014,1.0607449999999972,-42.97065156424581,64.43167100000001,2.9546139999999976,6.346036999999999,66.86927150000001,2.7967612493853022,174.8257123272,-4.186422710000007,7.271329636,169.77989288999999,0.9711380015557645,0.33973372944947805
Block 1,1,9,47.512,51.884,4.372,6.600000000000001,2.2280000000000015,9.090909090909088,0.2793548356961962,0.0638963485123962,2.5395894154199645,0.6790125,0.4660093,1.9622980251346485,0.6624242424242422,7.296561580000018,4.735490000000006,-41.75446612431445,54.8628025,4.035518999999999,6.1338669999999995,58.88979199999999,1.3685338830460327,175.36068800984003,-0.353243984000001,8.200036856000002,175.00744629,0.997985627657778,0.2733637086691658
Block 1,1,10,54.112,57.416,3.303999999999995,5.887999999999998,2.584000000000003,10.190217391304351,0.4501138870035584,0.13623301664756632,4.586758359411262,0.7465413,0.6513233,1.2786377708978294,0.5611413043478254,5.961411319999989,6.058319999999995,-42.4242138814994,61.844517,3.750718000000001,5.228076000000001,64.6704975,2.448138371561348,151.65912328259992,0.0451176940000062,4.522555996,151.71196371199994,1.0003484157646194,0.26563194004930524
Block 1,1,11,60.0,63.532,3.5319999999999965,5.688000000000002,2.156000000000006,10.548523206751051,0.46861666832561255,0.13267742591325396,4.943213800903084,0.808781,0.5276193,1.6382189239332035,0.6209563994374112,-8.146205859999984,0.1888100000000037,-42.806476481900454,112.46246,6.9094365,8.224543,119.18657999999999,4.3685157131944985,230.91293723919964,2.846352869999978,7.290600799999973,233.7592848427596,1.012326496893552,0.4236795946662163
Block 1,1,12,65.688,69.656,3.9680000000000035,5.451999999999998,1.4839999999999947,11.005135730007341,0.493929321536754,0.12447815562922217,5.435759224542416,0.9581081,0.379581,2.673854447439365,0.7278063096111528,4.9126152200000295,4.756790000000002,-42.38756629405841,61.8177075,0.4117815,5.2144590000000015,62.229487999999996,2.671179940160265,169.84434057360033,-12.973209605999998,5.416760214000031,156.87113043200037,0.9236170596100719,0.2966302547291837
Block 1,1,13,71.14,72.368,1.2279999999999944,2.9680000000000035,1.740000000000009,20.21563342318057,0.42440007306520183,0.3456026653625438,8.57951630185717,1.425099,0.7599707,0.7057471264367747,0.4137466307277604,4.584909539999993,8.629045000000005,-44.88444847402597,72.4378164,4.893087999999999,4.540998999999999,76.6090115,2.8519886396714265,66.71129882519986,3.9619240959999966,3.5295588039999988,70.67322266199986,1.0593890975977132,0.24548178044154753
Block 1,1,14,74.108,75.74,1.6319999999999908,5.251999999999995,3.6200000000000045,11.424219345011434,0.04644890931880026,0.028461341494363065,0.5306425283945198,0.4583196,0.498964,0.4508287292817649,0.31073876618430923,0.6424886999999833,3.411724999999997,-42.66541298288508,45.412182,-1.422000500000001,0.10581800000000019,40.8581275,0.1619047124308761,55.58664422939982,-6.4875074039999765,-0.3995424880000004,48.67930937599985,0.875737509447518,0.09555379860396804
Block 1,1,15,79.36,82.46,3.0999999999999943,4.9480000000000075,1.8480000000000132,12.126111560226336,0.4774418118256054,0.15401348768567943,5.7895126737138805,0.7470844,0.5232471,1.6774891774891625,0.6265157639450262,9.453189899999968,7.094799999999999,-43.52555831185566,66.506395,4.783669,7.278101,70.44676820000001,2.8148226484689727,151.14199808615987,-0.8060597579999942,6.411029651999993,150.20395333599987,0.9937936194966454,0.31295359019576724
Block 1,1,16,84.308,87.868,3.559999999999988,5.7679999999999865,2.2079999999999984,10.402219140083242,0.4801979738513531,0.1348870713065603,4.995124554625737,0.8027067,0.550651,1.612318840579706,0.617198335644937,-8.91770473999998,0.4605749999999986,-42.86980325476993,61.8960725,5.147518,9.960073,64.3742435,2.6655482387342158,166.3807306072997,-7.440704622000018,8.93659015399995,158.27979856799968,0.951310875906536,0.2828971048372107
Block 1,1,17,90.076,93.368,3.2920000000000016,5.400000000000006,2.108000000000004,11.1111111111111,0.5303960796770751,0.16111667061879553,5.893289774189718,0.8725987,0.5019726,1.561669829222009,0.6096296296296293,1.536227879999988,5.397394999999996,-44.263256371359226,66.740755,1.8470709999999997,5.078882999999999,68.452179,3.025145551061989,149.22639746105995,-3.6302754319999817,6.3590764220000064,145.59612186999996,0.9756726983105835,0.27796128650248153
Block 1,1,18,95.476,98.428,2.951999999999998,5.599999999999994,2.647999999999996,10.714285714285726,0.6496124967260074,0.22005843385027365,6.960133893492944,1.08253,0.4913038,1.1148036253776445,0.5271428571428574,13.166580019999984,8.236874999999998,-44.5803950879567,71.08828749999999,0.7347289999999997,5.760412999999999,71.53791550000001,3.8484806505816946,139.76869369519397,-8.340717573999985,5.730298324000002,131.427973082,0.9403248295975111,0.2419513495618559
Block 1,1,19,101.076,104.044,2.9680000000000035,5.89200000000001,2.9240000000000066,10.18329938900202,0.6279205820675551,0.2115635384324644,6.394303279710326,0.9404363,0.5853943,1.015047879616962,0.5037338764426338,6.771688159999998,5.281815000000002,-43.625410807537016,65.845921,3.820082000000001,7.405153,68.885273,3.5600344248507327,134.11923818716,-3.482799909999991,6.355411910000002,130.636439852,0.9740320748743008,0.22857559761619767
Block 1,1,20,106.968,109.772,2.804000000000002,5.048000000000002,2.2439999999999998,11.88589540412044,0.6956326995070392,0.24808584147897245,8.268217506026613,0.9675057,0.4937162,1.249554367201427,0.5554675118858956,10.231810979999995,8.55088,-44.31388008547009,68.636638,-0.05139500000000119,5.764189,67.669173,4.021489475256871,140.1154849394601,-8.524144108000026,7.012591154000005,131.5532342520001,0.9388914744779315,0.2686646017857436
Block 1,1,21,112.016,115.048,3.0319999999999965,5.631999999999991,2.5999999999999943,10.653409090909108,0.5322682065388795,0.1755502000458048,5.670470950343185,0.9531082,0.5023897,1.1661538461538474,0.5383522727272729,-0.8210852399999843,1.7146800000000084,-45.114867048748344,46.019128499999994,4.8443805000000015,5.395863,50.840908500000005,1.0084488767880284,75.60072036676006,3.363111872000012,4.968455266000009,78.96383132400008,1.044485170788382,0.14454192413747696
Block 1,1,22,117.648,120.736,3.088000000000008,5.412000000000006,2.323999999999998,11.086474501108635,0.48826959519667096,0.1581183922269008,5.413188416814528,0.7793425,0.5327825,1.3287435456110201,0.5705838876570593,-7.8568869800000005,0.030935000000006596,-42.59244413971539,67.4646545,3.913314999999999,5.517290999999999,71.4303886,2.896204265496666,162.1559413042801,1.914151019999986,6.332038753999994,164.2803206828001,1.0131008420748129,0.3129363550315829
Block 1,1,23,123.06,128.02800000000002,4.968000000000018,6.955999999999989,1.9879999999999711,8.625646923519279,0.4112761308375934,0.0827850504906586,3.5475226926762,0.6714114,0.5392877,2.498993963782741,0.7142035652673987,10.53634892000004,5.580920000000006,-42.86349706355591,60.627387500000005,2.438644,4.029154,62.77991,2.295958595989471,257.05711404718113,0.1974811560000429,7.455608458000075,257.25459281800124,1.000768229160092,0.3812692933164599
Block 1,1,24,130.016,133.78,3.76400000000001,5.676000000000016,1.9120000000000061,10.570824524312867,0.2799711181234491,0.07438127474055482,2.9595255615586504,0.6686881,1.39803,1.9686192468619237,0.6631430584918956,8.602035800000037,6.792339999999996,-42.107949363057315,55.8799375,-1.0757024999999993,3.372724,53.709811,1.4542614307701818,175.13765156328003,-11.144341278000015,5.422179241999996,163.174900452,0.9316951494752818,0.2963734088402598
Block 1,1,25,135.692,137.5,1.8079999999999927,5.527999999999992,3.719999999999999,10.853835021707686,0.7159536806195812,0.395992079988708,7.77084313262933,1.132549,0.6440587,0.48602150537634226,0.32706222865412365,-1.5388865399999936,0.8404299999999978,-44.374621854304635,74.009218,3.242076,6.071223999999999,76.512113,4.593977926281845,99.77396259179993,-0.5329512339999971,4.067969861999999,99.08955384799992,0.993140407316485,0.1847941013472184
Block 1,1,26,141.22,142.5,1.2800000000000011,4.056000000000012,2.7760000000000105,14.792899408283981,0.4215172783095984,0.32931037367937344,6.235462696887533,0.9349288,0.645623,0.46109510086455197,0.3155818540433919,-4.580593780000007,-0.21807000000000443,-44.77955947040499,56.211475,6.7157745,6.543677,63.035869999999996,0.4098134373724369,27.421127703999996,4.863292794,4.6430079939999995,32.45138497571999,1.1834445806175293,0.08248283051637867
Block 1,1,27,145.276,147.796,2.519999999999982,4.8160000000000025,2.2960000000000207,12.458471760797336,0.5589902287921352,0.22182151936196,6.9641639799684585,0.8752452,0.5954846,1.0975609756097382,0.5232558139534843,-5.4099628599999585,1.0593900000000005,-43.19195131537242,66.849576,2.2040999999999986,6.195163999999999,68.830926,3.1407685284082745,123.71177946379973,-3.5125975819999757,5.818922419999986,120.19918098999975,0.9716065964856012,0.2573020793874364
Block 1,1,28,150.092,152.68,2.587999999999994,4.647999999999996,2.0600000000000023,12.908777969018944,0.6109024202084159,0.23605193980232508,7.886003703206752,1.112602,0.6055748,1.256310679611646,0.5567986230636824,6.10214013999995,7.078719999999997,-45.226752793209876,67.79739199999999,1.8769910000000003,5.765123,69.23906600000001,3.62270212606336,119.69252510896011,-4.719741634000017,4.586546666000003,114.36115091400009,0.9554577515170083,0.2536533858127655
Block 1,1,29,154.74,157.272,2.5319999999999823,4.383999999999986,1.8520000000000039,13.686131386861357,0.6186962679827995,0.24435081673886408,8.467558412173378,0.9618309,0.6541529,1.3671706263498795,0.5775547445255452,1.2600199600000281,5.809539999999998,-44.2785141955836,67.037007,1.6164869999999993,6.254062,68.178292,3.65634598673068,124.7455404675998,-4.743313593999957,5.8858578099999965,119.81753846999985,0.9604955657803262,0.28175920514617403
Block 1,1,30,159.124,161.752,2.6280000000000143,4.963999999999999,2.3359999999999843,12.087026591458505,0.6137039004225938,0.23352507626430383,7.417855363689694,0.9693356,0.582246,1.1250000000000138,0.5294117647058854,5.453601980000014,5.050610000000006,-42.6713982674772,64.640906,2.8928575,5.731547,67.533534,3.45026903126994,121.74731022024011,-1.7121997720000364,4.939700353999997,120.03511193600008,0.985936459038457,0.24928996389675792
Block 1,1,31,164.088,166.748,2.6599999999999966,5.099999999999994,2.4399999999999977,11.764705882352954,0.634932546953997,0.23869644622330746,7.469794670047032,0.9593123,0.4880887,1.090163934426229,0.5215686274509803,3.4187069399999914,6.282400000000003,-43.6773671021021,66.9747645,2.3470425000000006,6.487083,68.2380415,3.695639802559185,125.40458905187985,-4.034452053999969,6.4183362819999985,120.48346413799989,0.9607580157067132,0.24354854282999802
Block 1,1,32,169.188,171.528,2.3400000000000034,5.152000000000015,2.812000000000012,11.64596273291922,0.5517539536264386,0.2357922878745461,6.425705981674343,0.9047506,0.565078,0.832147937411093,0.4541925465838503,5.249514619999971,6.000135,-44.12640776450512,64.8195535,2.194561499999999,6.940030999999999,65.80927150000001,3.188851057175868,115.57679703745953,-5.071069108000032,5.121928325999942,110.14227074799949,0.9529790889801293,0.22039738495709635
Block 1,1,33,174.34,176.828,2.4879999999999995,5.159999999999997,2.671999999999997,11.627906976744194,0.6483867393244201,0.26060560262235544,7.539380689818844,0.9329434,0.5546218,0.931137724550899,0.48217054263565917,9.300380720000025,7.886070000000004,-43.963743627608345,66.764345,2.4914780000000007,5.870785000000001,69.251853,3.773985834833635,128.8263220662401,-2.3915620980000054,5.1821285559999986,126.43476066600009,0.9814357705639511,0.25260681024934106
Block 1,1,34,179.5,182.524,3.024000000000001,5.132000000000005,2.108000000000004,11.691348402182374,0.5516061096331778,0.18240942778874922,6.449019208493889,0.769262,0.8110418,1.434535104364324,0.5892439594699919,6.542342080000004,5.019424999999998,-43.29052455746367,64.3024355,2.3769799999999996,6.185927999999999,66.6547845,3.113699219591199,150.73008872684,-3.8425268480000097,6.724081131999989,146.88755882799995,0.9745072139789975,0.29507106979453723
Block 1,1,35,184.632,187.008,2.3760000000000048,5.376000000000005,3.0,11.160714285714276,0.6761093063805457,0.2845577888807005,7.545862794425727,0.9110392,1.279896,0.7920000000000016,0.4419642857142862,2.225218360000004,3.6959000000000017,-42.53627243697479,69.538845,4.69988,10.177914999999999,73.592562,4.08516140991371,127.95912386406063,-3.215793467999947,8.3270721900001,124.7433229320007,0.9748685296135953,0.23921384644237964
Block 1,1,36,190.008,192.564,2.555999999999983,5.548000000000002,2.9920000000000186,10.814708002883918,0.5614219588148035,0.2196486536834144,6.071614550989221,0.7602599,0.5590412,0.8542780748662993,0.4607065609228519,0.33579608000003575,3.465030000000006,-44.975365359375,70.030721,5.451420000000001,8.414844,74.351057,3.5904530412854774,144.2035749615015,0.9496671839999622,7.776897395999946,145.15323189199944,1.0065855297328896,0.2697233365269539
Block 1,1,37,195.556,197.564,2.0079999999999814,4.367999999999995,2.3600000000000136,13.736263736263751,0.5988124480319998,0.2982133705338672,8.225445714725282,0.968828,0.555218,0.8508474576271058,0.45970695970695596,6.320654360000004,5.093270000000004,-44.46797974155069,46.932738,6.236955000000001,6.309631,52.719704,1.2435946281477626,47.19919737919977,6.796424536000019,6.942345896000017,53.95534340799979,1.143141121119517,0.12734447199879123
Block 1,1,38,199.924,202.144,2.219999999999999,4.352000000000004,2.132000000000005,13.78676470588234,0.6435427564004065,0.28988412450468776,8.872372560667362,1.26899,0.5272041,1.0412757973733553,0.5101102941176463,5.249350940000017,7.2843599999999995,-44.22475723021583,70.204238,1.1379199999999976,1.4244899999999987,68.57912,3.9474821047745996,119.54042154212009,-4.559961168000063,-0.7654081280000441,114.98046496000003,0.9618542705195886,0.27237261446331096
Block 1,1,39,204.276,206.748,2.47199999999998,4.923999999999978,2.451999999999998,12.185215272136528,0.5021056041591608,0.20311715378606995,6.1182648760255445,0.8667586,0.6148642,1.0081566068515424,0.5020308692120209,0.7057208400000032,2.2421000000000006,-42.951287302100155,63.419669,2.296940000000001,3.5941790000000005,65.161187,2.884608737689705,124.99689386952974,0.38593817600003577,2.6836229700000285,125.3661909039998,1.00295444969101,0.26247663642835084
Block 1,1,40,209.2,212.032,2.832000000000022,5.576000000000022,2.7439999999999998,10.760401721664234,0.3286108828412304,0.11603491625749571,3.5359851094823798,0.926273,0.5224561,1.0320699708454892,0.5078909612625557,5.517486820000008,6.4620999999999995,-42.490655599435826,62.1634855,3.9832155,4.566695,66.188403,1.8623740973440883,139.8125591958002,3.1522749239999444,4.414356349999952,143.10264545800013,1.0235321224439669,0.2645776550792046
Block 1,1,41,214.776,216.7,1.9239999999999782,4.367999999999995,2.444000000000017,13.736263736263751,0.5487609714365144,0.2852188001229317,7.537925431820261,0.8428376,0.5590687,0.7872340425531772,0.44047619047618597,4.887710819999993,5.5428599999999975,-42.767914585062236,28.823476499999998,11.571607000000002,11.528681000000002,39.751211000000005,0.25895100340114074,10.105777357559914,7.313320083999991,7.230730459999991,17.4159561919199,1.7233663057984747,0.04110483977172293
Block 1,1,42,219.144,222.112,2.9679999999999893,5.1440000000000055,2.176000000000016,11.664074650077747,0.5409365118784567,0.1822562371558149,6.309523855502987,0.823389,0.4759992,1.363970588235279,0.5769828926905105,9.658035359999971,6.937369999999994,-43.50397044414536,64.611591,3.386075999999999,6.32168,67.664937,2.9613521733319352,137.04667963601992,-0.8312332019999729,7.270676014000012,136.21544626199994,0.9939346697327682,0.2729943528683198
Block 1,1,43,224.288,227.028,2.7399999999999807,4.99199999999999,2.2520000000000095,12.019230769230793,0.5010820917947736,0.1828766758375099,6.022621295610271,0.9498851,0.4949854,1.2166962699822244,0.5488782051282023,1.8607794599999807,3.851389999999995,-42.41562016034985,65.357708,6.980722,8.294914,72.3026799,2.899160705400398,142.37628681059965,7.027205468000004,10.393850191999986,149.40349216599964,1.0493565713281183,0.3085421048233874
Block 1,1,44,229.28,232.428,3.147999999999996,5.955999999999989,2.8079999999999927,10.073875083948979,0.5970320745457453,0.18965440741605655,6.014426540084752,0.8680848,0.4935332,1.1210826210826226,0.5285426460711891,15.560749660000033,7.770625000000003,-45.11610852791878,68.0737175,2.9965670000000006,6.663857999999999,70.2151775,3.3844812320002333,154.5942379939998,-0.8542431560000057,9.84726115999998,153.71900742399978,0.9943385304565233,0.2660732094189002
